;txNomeParlamentar;idecadastro;sgUF;sgPartido;vlrDocumento;numMes
158938;JORGINHO MELLO;160509.0;SC;PR;295.0;1
158939;JORGINHO MELLO;160509.0;SC;PR;370.6;2
158940;JORGINHO MELLO;160509.0;SC;PR;295.0;3
158941;JORGINHO MELLO;160509.0;SC;PR;367.7;4
158942;JORGINHO MELLO;160509.0;SC;PR;295.0;5
158943;JORGINHO MELLO;160509.0;SC;PR;356.8;6
158944;JORGINHO MELLO;160509.0;SC;PR;472.6;7
158945;JORGINHO MELLO;160509.0;SC;PR;295.0;8
158946;JORGINHO MELLO;160509.0;SC;PR;295.0;9
158947;JORGINHO MELLO;160509.0;SC;PR;395.0;10
158948;JORGINHO MELLO;160509.0;SC;PR;295.0;11
158949;JORGINHO MELLO;160509.0;SC;PR;370.6;11
158950;JORGINHO MELLO;160509.0;SC;PR;47.32;9
158951;JORGINHO MELLO;160509.0;SC;PR;47.32;10
158952;JORGINHO MELLO;160509.0;SC;PR;44.16;6
158953;JORGINHO MELLO;160509.0;SC;PR;47.32;12
158954;JORGINHO MELLO;160509.0;SC;PR;44.16;3
158955;JORGINHO MELLO;160509.0;SC;PR;44.16;2
158956;JORGINHO MELLO;160509.0;SC;PR;44.16;7
158957;JORGINHO MELLO;160509.0;SC;PR;44.16;5
158958;JORGINHO MELLO;160509.0;SC;PR;47.32;12
158959;JORGINHO MELLO;160509.0;SC;PR;47.32;9
158960;JORGINHO MELLO;160509.0;SC;PR;44.16;5
158961;JORGINHO MELLO;160509.0;SC;PR;1129.0;1
158962;JORGINHO MELLO;160509.0;SC;PR;1198.65;3
158963;JORGINHO MELLO;160509.0;SC;PR;1198.65;9
158964;JORGINHO MELLO;160509.0;SC;PR;1198.65;4
158965;JORGINHO MELLO;160509.0;SC;PR;1198.65;5
158966;JORGINHO MELLO;160509.0;SC;PR;1198.65;7
158967;JORGINHO MELLO;160509.0;SC;PR;1129.0;2
158968;JORGINHO MELLO;160509.0;SC;PR;1198.65;2
158969;JORGINHO MELLO;160509.0;SC;PR;1198.65;12
158970;JORGINHO MELLO;160509.0;SC;PR;1198.65;10
158971;JORGINHO MELLO;160509.0;SC;PR;1198.65;10
158972;JORGINHO MELLO;160509.0;SC;PR;1198.65;6
158973;JORGINHO MELLO;160509.0;SC;PR;1198.65;8
158974;JORGINHO MELLO;160509.0;SC;PR;444.0;3
158975;JORGINHO MELLO;160509.0;SC;PR;509.3;4
158976;JORGINHO MELLO;160509.0;SC;PR;470.0;5
158977;JORGINHO MELLO;160509.0;SC;PR;683.9;6
158978;JORGINHO MELLO;160509.0;SC;PR;496.6;7
158979;JORGINHO MELLO;160509.0;SC;PR;601.9;9
158980;JORGINHO MELLO;160509.0;SC;PR;624.9;10
158981;JORGINHO MELLO;160509.0;SC;PR;512.3;11
158982;JORGINHO MELLO;160509.0;SC;PR;523.3;12
158983;JORGINHO MELLO;160509.0;SC;PR;399.0;1
158984;JORGINHO MELLO;160509.0;SC;PR;418.2;2
158985;JORGINHO MELLO;160509.0;SC;PR;261.6;1
158986;JORGINHO MELLO;160509.0;SC;PR;114.0;1
158987;JORGINHO MELLO;160509.0;SC;PR;399.05;2
158988;JORGINHO MELLO;160509.0;SC;PR;709.15;4
158989;JORGINHO MELLO;160509.0;SC;PR;945.6;6
158990;JORGINHO MELLO;160509.0;SC;PR;918.2;8
158991;JORGINHO MELLO;160509.0;SC;PR;599.0;9
158992;JORGINHO MELLO;160509.0;SC;PR;853.6;11
158993;JORGINHO MELLO;160509.0;SC;PR;3000.0;1
158994;JORGINHO MELLO;160509.0;SC;PR;3173.03;9
158995;JORGINHO MELLO;160509.0;SC;PR;3000.0;2
158996;JORGINHO MELLO;160509.0;SC;PR;3173.03;4
158997;JORGINHO MELLO;160509.0;SC;PR;3173.03;12
158998;JORGINHO MELLO;160509.0;SC;PR;3173.03;8
158999;JORGINHO MELLO;160509.0;SC;PR;3173.03;5
159000;JORGINHO MELLO;160509.0;SC;PR;3173.03;11
159001;JORGINHO MELLO;160509.0;SC;PR;3000.0;3
159002;JORGINHO MELLO;160509.0;SC;PR;3173.03;6
159003;JORGINHO MELLO;160509.0;SC;PR;3173.03;7
159004;JORGINHO MELLO;160509.0;SC;PR;720.0;9
159005;JORGINHO MELLO;160509.0;SC;PR;720.0;10
159006;JORGINHO MELLO;160509.0;SC;PR;720.0;11
159007;JORGINHO MELLO;160509.0;SC;PR;620.0;12
159008;JORGINHO MELLO;160509.0;SC;PR;720.0;7
159009;JORGINHO MELLO;160509.0;SC;PR;720.0;8
159010;JORGINHO MELLO;160509.0;SC;PR;678.0;1
159011;JORGINHO MELLO;160509.0;SC;PR;720.0;2
159012;JORGINHO MELLO;160509.0;SC;PR;720.0;3
159013;JORGINHO MELLO;160509.0;SC;PR;720.0;6
159014;JORGINHO MELLO;160509.0;SC;PR;720.0;4
159015;JORGINHO MELLO;160509.0;SC;PR;1765.87;2
159016;JORGINHO MELLO;160509.0;SC;PR;1867.72;3
159017;JORGINHO MELLO;160509.0;SC;PR;1867.72;4
159018;JORGINHO MELLO;160509.0;SC;PR;1867.72;4
159019;JORGINHO MELLO;160509.0;SC;PR;1867.72;5
159020;JORGINHO MELLO;160509.0;SC;PR;1867.72;6
159021;JORGINHO MELLO;160509.0;SC;PR;1867.72;9
159022;JORGINHO MELLO;160509.0;SC;PR;1867.72;10
159023;JORGINHO MELLO;160509.0;SC;PR;1867.72;11
159024;JORGINHO MELLO;160509.0;SC;PR;1867.72;3
159025;JORGINHO MELLO;160509.0;SC;PR;191.49;3
159026;JORGINHO MELLO;160509.0;SC;PR;185.04;3
159027;JORGINHO MELLO;160509.0;SC;PR;185.04;4
159028;JORGINHO MELLO;160509.0;SC;PR;70.0;11
159029;JORGINHO MELLO;160509.0;SC;PR;100.0;1
159030;JORGINHO MELLO;160509.0;SC;PR;100.0;2
159031;JORGINHO MELLO;160509.0;SC;PR;80.0;3
159032;JORGINHO MELLO;160509.0;SC;PR;50.0;5
159033;JORGINHO MELLO;160509.0;SC;PR;50.0;11
159034;JORGINHO MELLO;160509.0;SC;PR;164.09;5
159035;JORGINHO MELLO;160509.0;SC;PR;50.01;11
159036;JORGINHO MELLO;160509.0;SC;PR;100.0;1
159037;JORGINHO MELLO;160509.0;SC;PR;70.01;1
159038;JORGINHO MELLO;160509.0;SC;PR;206.81;5
159039;JORGINHO MELLO;160509.0;SC;PR;197.0;4
159040;JORGINHO MELLO;160509.0;SC;PR;131.03;3
159041;JORGINHO MELLO;160509.0;SC;PR;180.01;5
159042;JORGINHO MELLO;160509.0;SC;PR;150.0;6
159043;JORGINHO MELLO;160509.0;SC;PR;195.02;6
159044;JORGINHO MELLO;160509.0;SC;PR;150.06;6
159045;JORGINHO MELLO;160509.0;SC;PR;213.87;11
159046;JORGINHO MELLO;160509.0;SC;PR;160.05;12
159047;JORGINHO MELLO;160509.0;SC;PR;168.4;12
159048;JORGINHO MELLO;160509.0;SC;PR;160.01;12
159049;JORGINHO MELLO;160509.0;SC;PR;170.01;3
159050;JORGINHO MELLO;160509.0;SC;PR;180.01;4
159051;JORGINHO MELLO;160509.0;SC;PR;189.77;6
159052;JORGINHO MELLO;160509.0;SC;PR;112.0;11
159053;JORGINHO MELLO;160509.0;SC;PR;170.0;11
159054;JORGINHO MELLO;160509.0;SC;PR;160.01;12
159055;JORGINHO MELLO;160509.0;SC;PR;150.0;3
159056;JORGINHO MELLO;160509.0;SC;PR;199.0;11
159057;JORGINHO MELLO;160509.0;SC;PR;193.05;3
159058;JORGINHO MELLO;160509.0;SC;PR;130.0;1
159059;JORGINHO MELLO;160509.0;SC;PR;187.01;3
159060;JORGINHO MELLO;160509.0;SC;PR;164.08;5
159061;JORGINHO MELLO;160509.0;SC;PR;147.03;6
159062;JORGINHO MELLO;160509.0;SC;PR;150.0;11
159063;JORGINHO MELLO;160509.0;SC;PR;192.01;12
159064;JORGINHO MELLO;160509.0;SC;PR;169.05;3
159065;JORGINHO MELLO;160509.0;SC;PR;155.05;3
159066;JORGINHO MELLO;160509.0;SC;PR;163.06;5
159067;JORGINHO MELLO;160509.0;SC;PR;135.02;6
159068;JORGINHO MELLO;160509.0;SC;PR;194.04;11
159069;JORGINHO MELLO;160509.0;SC;PR;195.02;11
159070;JORGINHO MELLO;160509.0;SC;PR;105.0;3
159071;JORGINHO MELLO;160509.0;SC;PR;196.0;5
159072;JORGINHO MELLO;160509.0;SC;PR;70.0;5
159073;JORGINHO MELLO;160509.0;SC;PR;130.0;4
159074;JORGINHO MELLO;160509.0;SC;PR;177.8;1
159075;JORGINHO MELLO;160509.0;SC;PR;180.04;4
159076;JORGINHO MELLO;160509.0;SC;PR;130.0;5
159077;JORGINHO MELLO;160509.0;SC;PR;150.0;8
159078;JORGINHO MELLO;160509.0;SC;PR;100.0;11
159079;JORGINHO MELLO;160509.0;SC;PR;172.18;6
159080;JORGINHO MELLO;160509.0;SC;PR;150.0;4
159081;JORGINHO MELLO;160509.0;SC;PR;155.71;12
159082;JORGINHO MELLO;160509.0;SC;PR;150.0;11
159083;JORGINHO MELLO;160509.0;SC;PR;150.0;10
159084;JORGINHO MELLO;160509.0;SC;PR;150.0;10
159085;JORGINHO MELLO;160509.0;SC;PR;150.0;11
159086;JORGINHO MELLO;160509.0;SC;PR;150.0;12
159087;JORGINHO MELLO;160509.0;SC;PR;150.0;2
159088;JORGINHO MELLO;160509.0;SC;PR;50.0;3
159089;JORGINHO MELLO;160509.0;SC;PR;180.04;3
159090;JORGINHO MELLO;160509.0;SC;PR;150.0;3
159091;JORGINHO MELLO;160509.0;SC;PR;140.0;5
159092;JORGINHO MELLO;160509.0;SC;PR;150.0;5
159093;JORGINHO MELLO;160509.0;SC;PR;150.0;4
159094;JORGINHO MELLO;160509.0;SC;PR;150.0;4
159095;JORGINHO MELLO;160509.0;SC;PR;140.0;10
159096;JORGINHO MELLO;160509.0;SC;PR;150.0;5
159097;JORGINHO MELLO;160509.0;SC;PR;120.0;2
159098;JORGINHO MELLO;160509.0;SC;PR;185.18;6
159099;JORGINHO MELLO;160509.0;SC;PR;49.99;12
159100;JORGINHO MELLO;160509.0;SC;PR;200.0;2
159101;JORGINHO MELLO;160509.0;SC;PR;180.0;5
159102;JORGINHO MELLO;160509.0;SC;PR;50.0;4
159103;JORGINHO MELLO;160509.0;SC;PR;188.22;6
159104;JORGINHO MELLO;160509.0;SC;PR;100.0;3
159105;JORGINHO MELLO;160509.0;SC;PR;132.0;1
159106;JORGINHO MELLO;160509.0;SC;PR;50.0;2
159107;JORGINHO MELLO;160509.0;SC;PR;50.0;3
159108;JORGINHO MELLO;160509.0;SC;PR;50.02;4
159109;JORGINHO MELLO;160509.0;SC;PR;100.0;5
159110;JORGINHO MELLO;160509.0;SC;PR;150.0;2
159111;JORGINHO MELLO;160509.0;SC;PR;200.0;4
159112;JORGINHO MELLO;160509.0;SC;PR;50.0;4
159113;JORGINHO MELLO;160509.0;SC;PR;105.0;2
159114;JORGINHO MELLO;160509.0;SC;PR;70.0;10
159115;JORGINHO MELLO;160509.0;SC;PR;208.02;2
159116;JORGINHO MELLO;160509.0;SC;PR;50.0;4
159117;JORGINHO MELLO;160509.0;SC;PR;90.0;6
159118;JORGINHO MELLO;160509.0;SC;PR;200.02;2
159119;JORGINHO MELLO;160509.0;SC;PR;150.0;11
159120;JORGINHO MELLO;160509.0;SC;PR;150.0;4
159121;JORGINHO MELLO;160509.0;SC;PR;150.0;2
159122;JORGINHO MELLO;160509.0;SC;PR;150.0;11
159123;JORGINHO MELLO;160509.0;SC;PR;174.29;3
159124;JORGINHO MELLO;160509.0;SC;PR;170.02;1
159125;JORGINHO MELLO;160509.0;SC;PR;30.02;4
159126;JORGINHO MELLO;160509.0;SC;PR;188.28;2
159127;JORGINHO MELLO;160509.0;SC;PR;177.02;3
159128;JORGINHO MELLO;160509.0;SC;PR;150.0;1
159129;JORGINHO MELLO;160509.0;SC;PR;202.02;4
159130;JORGINHO MELLO;160509.0;SC;PR;99.98;6
159131;JORGINHO MELLO;160509.0;SC;PR;195.19;11
159132;JORGINHO MELLO;160509.0;SC;PR;100.0;5
159133;JORGINHO MELLO;160509.0;SC;PR;50.0;6
159134;JORGINHO MELLO;160509.0;SC;PR;175.19;1
159135;JORGINHO MELLO;160509.0;SC;PR;174.01;2
159136;JORGINHO MELLO;160509.0;SC;PR;190.0;5
159137;JORGINHO MELLO;160509.0;SC;PR;168.69;6
159138;JORGINHO MELLO;160509.0;SC;PR;190.0;11
159139;JORGINHO MELLO;160509.0;SC;PR;203.14;6
159140;JORGINHO MELLO;160509.0;SC;PR;30.01;12
159141;JORGINHO MELLO;160509.0;SC;PR;50.0;11
159142;JORGINHO MELLO;160509.0;SC;PR;110.0;1
159143;JORGINHO MELLO;160509.0;SC;PR;105.0;1
159144;JORGINHO MELLO;160509.0;SC;PR;105.0;1
159145;JORGINHO MELLO;160509.0;SC;PR;100.0;1
159146;JORGINHO MELLO;160509.0;SC;PR;115.0;2
159147;JORGINHO MELLO;160509.0;SC;PR;110.0;2
159148;JORGINHO MELLO;160509.0;SC;PR;110.0;2
159149;JORGINHO MELLO;160509.0;SC;PR;100.0;2
159150;JORGINHO MELLO;160509.0;SC;PR;120.0;2
159151;JORGINHO MELLO;160509.0;SC;PR;100.0;2
159152;JORGINHO MELLO;160509.0;SC;PR;100.0;2
159153;JORGINHO MELLO;160509.0;SC;PR;115.0;3
159154;JORGINHO MELLO;160509.0;SC;PR;105.0;3
159155;JORGINHO MELLO;160509.0;SC;PR;70.0;3
159156;JORGINHO MELLO;160509.0;SC;PR;110.0;3
159157;JORGINHO MELLO;160509.0;SC;PR;50.0;3
159158;JORGINHO MELLO;160509.0;SC;PR;100.0;3
159159;JORGINHO MELLO;160509.0;SC;PR;100.0;3
159160;JORGINHO MELLO;160509.0;SC;PR;110.0;3
159161;JORGINHO MELLO;160509.0;SC;PR;110.0;4
159162;JORGINHO MELLO;160509.0;SC;PR;110.0;4
159163;JORGINHO MELLO;160509.0;SC;PR;120.0;4
159164;JORGINHO MELLO;160509.0;SC;PR;120.0;4
159165;JORGINHO MELLO;160509.0;SC;PR;110.0;4
159166;JORGINHO MELLO;160509.0;SC;PR;150.0;4
159167;JORGINHO MELLO;160509.0;SC;PR;105.0;4
159168;JORGINHO MELLO;160509.0;SC;PR;110.0;4
159169;JORGINHO MELLO;160509.0;SC;PR;90.0;5
159170;JORGINHO MELLO;160509.0;SC;PR;120.0;5
159171;JORGINHO MELLO;160509.0;SC;PR;100.0;5
159172;JORGINHO MELLO;160509.0;SC;PR;105.0;5
159173;JORGINHO MELLO;160509.0;SC;PR;110.0;5
159174;JORGINHO MELLO;160509.0;SC;PR;100.0;5
159175;JORGINHO MELLO;160509.0;SC;PR;100.0;6
159176;JORGINHO MELLO;160509.0;SC;PR;100.0;6
159177;JORGINHO MELLO;160509.0;SC;PR;100.0;6
159178;JORGINHO MELLO;160509.0;SC;PR;100.0;6
159179;JORGINHO MELLO;160509.0;SC;PR;120.51;6
159180;JORGINHO MELLO;160509.0;SC;PR;100.0;6
159181;JORGINHO MELLO;160509.0;SC;PR;50.0;10
159182;JORGINHO MELLO;160509.0;SC;PR;50.0;10
159183;JORGINHO MELLO;160509.0;SC;PR;70.0;10
159184;JORGINHO MELLO;160509.0;SC;PR;80.0;10
159185;JORGINHO MELLO;160509.0;SC;PR;50.0;11
159186;JORGINHO MELLO;160509.0;SC;PR;50.0;11
159187;JORGINHO MELLO;160509.0;SC;PR;70.0;11
159188;JORGINHO MELLO;160509.0;SC;PR;50.0;11
159189;JORGINHO MELLO;160509.0;SC;PR;50.0;11
159190;JORGINHO MELLO;160509.0;SC;PR;50.0;11
159191;JORGINHO MELLO;160509.0;SC;PR;80.02;11
159192;JORGINHO MELLO;160509.0;SC;PR;50.0;12
159193;JORGINHO MELLO;160509.0;SC;PR;100.0;12
159194;JORGINHO MELLO;160509.0;SC;PR;80.0;12
159195;JORGINHO MELLO;160509.0;SC;PR;80.0;12
159196;JORGINHO MELLO;160509.0;SC;PR;150.0;2
159197;JORGINHO MELLO;160509.0;SC;PR;100.0;3
159198;JORGINHO MELLO;160509.0;SC;PR;140.0;3
159199;JORGINHO MELLO;160509.0;SC;PR;100.0;6
159200;JORGINHO MELLO;160509.0;SC;PR;150.0;5
159201;JORGINHO MELLO;160509.0;SC;PR;150.0;6
159202;JORGINHO MELLO;160509.0;SC;PR;122.25;12
159203;JORGINHO MELLO;160509.0;SC;PR;183.73;11
159204;JORGINHO MELLO;160509.0;SC;PR;150.0;12
159205;JORGINHO MELLO;160509.0;SC;PR;200.0;11
159206;JORGINHO MELLO;160509.0;SC;PR;182.07;6
159207;JORGINHO MELLO;160509.0;SC;PR;44.97;11
159208;JORGINHO MELLO;160509.0;SC;PR;194.31;4
159209;JORGINHO MELLO;160509.0;SC;PR;50.0;12
159210;JORGINHO MELLO;160509.0;SC;PR;155.01;2
159211;JORGINHO MELLO;160509.0;SC;PR;102.42;11
159212;JORGINHO MELLO;160509.0;SC;PR;178.03;6
159213;JORGINHO MELLO;160509.0;SC;PR;195.1;3
159214;JORGINHO MELLO;160509.0;SC;PR;150.0;4
159215;JORGINHO MELLO;160509.0;SC;PR;201.02;11
159216;JORGINHO MELLO;160509.0;SC;PR;50.0;3
159217;JORGINHO MELLO;160509.0;SC;PR;182.72;12
159218;JORGINHO MELLO;160509.0;SC;PR;150.0;5
159219;JORGINHO MELLO;160509.0;SC;PR;150.0;2
159220;JORGINHO MELLO;160509.0;SC;PR;50.0;6
159221;JORGINHO MELLO;160509.0;SC;PR;30.0;8
159222;JORGINHO MELLO;160509.0;SC;PR;70.0;12
159223;JORGINHO MELLO;160509.0;SC;PR;80.0;12
159224;JORGINHO MELLO;160509.0;SC;PR;150.0;9
159225;JORGINHO MELLO;160509.0;SC;PR;105.0;7
159226;JORGINHO MELLO;160509.0;SC;PR;100.0;8
159227;JORGINHO MELLO;160509.0;SC;PR;150.0;3
159228;JORGINHO MELLO;160509.0;SC;PR;194.5;10
159229;JORGINHO MELLO;160509.0;SC;PR;193.72;12
159230;JORGINHO MELLO;160509.0;SC;PR;192.07;4
159231;JORGINHO MELLO;160509.0;SC;PR;150.0;4
159232;JORGINHO MELLO;160509.0;SC;PR;187.08;5
159233;JORGINHO MELLO;160509.0;SC;PR;160.0;5
159234;JORGINHO MELLO;160509.0;SC;PR;150.0;11
159235;JORGINHO MELLO;160509.0;SC;PR;112.01;1
159236;JORGINHO MELLO;160509.0;SC;PR;115.13;3
159237;JORGINHO MELLO;160509.0;SC;PR;71.32;4
159238;JORGINHO MELLO;160509.0;SC;PR;50.06;11
159239;JORGINHO MELLO;160509.0;SC;PR;50.01;11
159240;JORGINHO MELLO;160509.0;SC;PR;80.01;4
159241;JORGINHO MELLO;160509.0;SC;PR;100.0;1
159242;JORGINHO MELLO;160509.0;SC;PR;105.0;3
159243;JORGINHO MELLO;160509.0;SC;PR;185.03;2
159244;JORGINHO MELLO;160509.0;SC;PR;50.0;2
159245;JORGINHO MELLO;160509.0;SC;PR;50.0;2
159246;JORGINHO MELLO;160509.0;SC;PR;100.03;4
159247;JORGINHO MELLO;160509.0;SC;PR;100.0;11
159248;JORGINHO MELLO;160509.0;SC;PR;100.0;12
159249;JORGINHO MELLO;160509.0;SC;PR;100.0;3
159250;JORGINHO MELLO;160509.0;SC;PR;40.0;4
159251;JORGINHO MELLO;160509.0;SC;PR;100.0;6
159252;JORGINHO MELLO;160509.0;SC;PR;192.03;10
159253;JORGINHO MELLO;160509.0;SC;PR;195.91;12
159254;JORGINHO MELLO;160509.0;SC;PR;177.33;12
159255;JORGINHO MELLO;160509.0;SC;PR;173.24;1
159256;JORGINHO MELLO;160509.0;SC;PR;194.99;5
159257;JORGINHO MELLO;160509.0;SC;PR;44.16;1
159258;JORGINHO MELLO;160509.0;SC;PR;9800.0;1
159259;JORGINHO MELLO;160509.0;SC;PR;9800.0;2
159260;JORGINHO MELLO;160509.0;SC;PR;9950.0;4
159261;JORGINHO MELLO;160509.0;SC;PR;9950.0;5
159262;JORGINHO MELLO;160509.0;SC;PR;62.66;3
159263;JORGINHO MELLO;160509.0;SC;PR;12000.0;11
159264;JORGINHO MELLO;160509.0;SC;PR;12000.0;12
159265;JORGINHO MELLO;160509.0;SC;PR;1000.0;2
159266;JORGINHO MELLO;160509.0;SC;PR;650.0;2
159267;JORGINHO MELLO;160509.0;SC;PR;500.0;3
159268;JORGINHO MELLO;160509.0;SC;PR;500.0;4
159269;JORGINHO MELLO;160509.0;SC;PR;500.0;5
159270;JORGINHO MELLO;160509.0;SC;PR;1250.0;12
159271;JORGINHO MELLO;160509.0;SC;PR;1500.0;1
159272;JORGINHO MELLO;160509.0;SC;PR;2000.0;2
159273;JORGINHO MELLO;160509.0;SC;PR;2000.0;3
159274;JORGINHO MELLO;160509.0;SC;PR;677.55;2
159275;JORGINHO MELLO;160509.0;SC;PR;114.76;5
159276;JORGINHO MELLO;160509.0;SC;PR;4.58;4
159277;JORGINHO MELLO;160509.0;SC;PR;144.73;1
159278;JORGINHO MELLO;160509.0;SC;PR;476.92;1
159279;JORGINHO MELLO;160509.0;SC;PR;144.73;2
159280;JORGINHO MELLO;160509.0;SC;PR;34.35;1
159281;JORGINHO MELLO;160509.0;SC;PR;31.92;3
159282;JORGINHO MELLO;160509.0;SC;PR;412.96;2
159283;JORGINHO MELLO;160509.0;SC;PR;112.93;3
159284;JORGINHO MELLO;160509.0;SC;PR;5.19;1
159285;JORGINHO MELLO;160509.0;SC;PR;461.91;3
159286;JORGINHO MELLO;160509.0;SC;PR;157.47;4
159287;JORGINHO MELLO;160509.0;SC;PR;44.96;4
159288;JORGINHO MELLO;160509.0;SC;PR;32.44;3
159289;JORGINHO MELLO;160509.0;SC;PR;3.2;2
159290;JORGINHO MELLO;160509.0;SC;PR;444.62;4
159291;JORGINHO MELLO;160509.0;SC;PR;154.05;5
159292;JORGINHO MELLO;160509.0;SC;PR;55.65;4
159293;JORGINHO MELLO;160509.0;SC;PR;44.96;6
159294;JORGINHO MELLO;160509.0;SC;PR;390.69;5
159295;JORGINHO MELLO;160509.0;SC;PR;150.42;6
159296;JORGINHO MELLO;160509.0;SC;PR;404.6;6
159297;JORGINHO MELLO;160509.0;SC;PR;203.26;7
159298;JORGINHO MELLO;160509.0;SC;PR;8.8;5
159299;JORGINHO MELLO;160509.0;SC;PR;47.33;6
159300;JORGINHO MELLO;160509.0;SC;PR;3.94;5
159301;JORGINHO MELLO;160509.0;SC;PR;728.67;7
159302;JORGINHO MELLO;160509.0;SC;PR;195.42;8
159303;JORGINHO MELLO;160509.0;SC;PR;9.21;6
159304;JORGINHO MELLO;160509.0;SC;PR;46.35;7
159305;JORGINHO MELLO;160509.0;SC;PR;1165.86;8
159306;JORGINHO MELLO;160509.0;SC;PR;221.82;9
159307;JORGINHO MELLO;160509.0;SC;PR;3.55;7
159308;JORGINHO MELLO;160509.0;SC;PR;31.14;10
159309;JORGINHO MELLO;160509.0;SC;PR;80.13;9
159310;JORGINHO MELLO;160509.0;SC;PR;1.51;8
159311;JORGINHO MELLO;160509.0;SC;PR;477.36;9
159312;JORGINHO MELLO;160509.0;SC;PR;107.68;10
159313;JORGINHO MELLO;160509.0;SC;PR;223.65;10
159314;JORGINHO MELLO;160509.0;SC;PR;139.17;11
159315;JORGINHO MELLO;160509.0;SC;PR;0.04;9
159316;JORGINHO MELLO;160509.0;SC;PR;42.29;10
159317;JORGINHO MELLO;160509.0;SC;PR;6.07;9
159318;JORGINHO MELLO;160509.0;SC;PR;256.1;11
159319;JORGINHO MELLO;160509.0;SC;PR;132.47;12
159320;JORGINHO MELLO;160509.0;SC;PR;14.3;10
159321;JORGINHO MELLO;160509.0;SC;PR;288.68;12
159322;JORGINHO MELLO;160509.0;SC;PR;25.82;12
159323;JORGINHO MELLO;160509.0;SC;PR;72.14;4
159324;JORGINHO MELLO;160509.0;SC;PR;72.14;4
159325;JORGINHO MELLO;160509.0;SC;PR;73.7;3
159326;JORGINHO MELLO;160509.0;SC;PR;48.17;1
159327;JORGINHO MELLO;160509.0;SC;PR;61.83;5
159328;JORGINHO MELLO;160509.0;SC;PR;68.8;2
159329;JORGINHO MELLO;160509.0;SC;PR;814.87;1
159330;JORGINHO MELLO;160509.0;SC;PR;1051.33;2
159331;JORGINHO MELLO;160509.0;SC;PR;1019.9;3
159332;JORGINHO MELLO;160509.0;SC;PR;1332.4;5
159333;JORGINHO MELLO;160509.0;SC;PR;1445.78;5
159334;JORGINHO MELLO;160509.0;SC;PR;1944.31;7
159335;JORGINHO MELLO;160509.0;SC;PR;1969.66;9
159336;JORGINHO MELLO;160509.0;SC;PR;2120.33;9
159337;JORGINHO MELLO;160509.0;SC;PR;1080.25;10
159338;JORGINHO MELLO;160509.0;SC;PR;1704.8;6
159339;JORGINHO MELLO;160509.0;SC;PR;1209.38;11
159340;JORGINHO MELLO;160509.0;SC;PR;1022.54;12
159341;JORGINHO MELLO;160509.0;SC;PR;65.38;12
159342;JORGINHO MELLO;160509.0;SC;PR;54.93;11
159343;JORGINHO MELLO;160509.0;SC;PR;113.01;10
159344;JORGINHO MELLO;160509.0;SC;PR;214.31;8
159345;JORGINHO MELLO;160509.0;SC;PR;114.0;9
159346;JORGINHO MELLO;160509.0;SC;PR;153.93;6
159347;JORGINHO MELLO;160509.0;SC;PR;74.42;3
159348;JORGINHO MELLO;160509.0;SC;PR;175.01;6
159349;JORGINHO MELLO;160509.0;SC;PR;54.9;4
159350;JORGINHO MELLO;160509.0;SC;PR;98.52;5
159351;JORGINHO MELLO;160509.0;SC;PR;92.08;2
159352;JORGINHO MELLO;160509.0;SC;PR;92.93;1
159353;JORGINHO MELLO;160509.0;SC;PR;369.92;6
159354;JORGINHO MELLO;160509.0;SC;PR;611.48;2
159355;JORGINHO MELLO;160509.0;SC;PR;594.76;7
159356;JORGINHO MELLO;160509.0;SC;PR;568.28;8
159357;JORGINHO MELLO;160509.0;SC;PR;552.7;4
159358;JORGINHO MELLO;160509.0;SC;PR;549.6;3
159359;JORGINHO MELLO;160509.0;SC;PR;535.55;12
159360;JORGINHO MELLO;160509.0;SC;PR;534.74;5
159361;JORGINHO MELLO;160509.0;SC;PR;486.78;10
159362;JORGINHO MELLO;160509.0;SC;PR;476.74;6
159363;JORGINHO MELLO;160509.0;SC;PR;459.57;9
159364;JORGINHO MELLO;160509.0;SC;PR;452.9;11
159365;JORGINHO MELLO;160509.0;SC;PR;183.12;1
159366;JORGINHO MELLO;160509.0;SC;PR;456.74;10
159367;JORGINHO MELLO;160509.0;SC;PR;601.39;9
159368;JORGINHO MELLO;160509.0;SC;PR;350.69;9
159369;JORGINHO MELLO;160509.0;SC;PR;488.0;9
159370;JORGINHO MELLO;160509.0;SC;PR;475.55;10
159371;JORGINHO MELLO;160509.0;SC;PR;8.68;10
159372;JORGINHO MELLO;160509.0;SC;PR;3.25;9
159373;JORGINHO MELLO;160509.0;SC;PR;324.74;11
159374;JORGINHO MELLO;160509.0;SC;PR;475.53;10
159375;JORGINHO MELLO;160509.0;SC;PR;289.6;10
159376;JORGINHO MELLO;160509.0;SC;PR;807.44;7
159377;JORGINHO MELLO;160509.0;SC;PR;478.44;12
159378;JORGINHO MELLO;160509.0;SC;PR;262.0;12
159379;JORGINHO MELLO;160509.0;SC;PR;637.02;8
159380;JORGINHO MELLO;160509.0;SC;PR;350.1;4
159381;JORGINHO MELLO;160509.0;SC;PR;263.44;4
159382;JORGINHO MELLO;160509.0;SC;PR;576.71;4
159383;JORGINHO MELLO;160509.0;SC;PR;429.75;8
159384;JORGINHO MELLO;160509.0;SC;PR;313.87;8
159385;JORGINHO MELLO;160509.0;SC;PR;30.4;8
159386;JORGINHO MELLO;160509.0;SC;PR;426.97;12
159387;JORGINHO MELLO;160509.0;SC;PR;303.19;7
159388;JORGINHO MELLO;160509.0;SC;PR;41.2;7
159389;JORGINHO MELLO;160509.0;SC;PR;181.76;5
159390;JORGINHO MELLO;160509.0;SC;PR;161.74;3
159391;JORGINHO MELLO;160509.0;SC;PR;512.9;5
159392;JORGINHO MELLO;160509.0;SC;PR;507.16;3
159393;JORGINHO MELLO;160509.0;SC;PR;181.91;2
159394;JORGINHO MELLO;160509.0;SC;PR;643.58;2
159395;JORGINHO MELLO;160509.0;SC;PR;489.96;1
159396;JORGINHO MELLO;160509.0;SC;PR;32.58;6
159397;JORGINHO MELLO;160509.0;SC;PR;144.32;1
159398;JORGINHO MELLO;160509.0;SC;PR;426.89;6
159399;JORGINHO MELLO;160509.0;SC;PR;358.93;6
159400;JORGINHO MELLO;160509.0;SC;PR;219.18;6
159401;JORGINHO MELLO;160509.0;SC;PR;19.08;12
159402;JORGINHO MELLO;160509.0;SC;PR;246.43;11
159403;JORGINHO MELLO;160509.0;SC;PR;456.06;4
159404;JORGINHO MELLO;160509.0;SC;PR;229.78;4
159405;JORGINHO MELLO;160509.0;SC;PR;369.45;11
159406;JORGINHO MELLO;160509.0;SC;PR;432.31;9
159407;JORGINHO MELLO;160509.0;SC;PR;324.82;12
159408;JORGINHO MELLO;160509.0;SC;PR;399.26;2
159409;JORGINHO MELLO;160509.0;SC;PR;221.45;2
159410;JORGINHO MELLO;160509.0;SC;PR;151.51;2
159411;JORGINHO MELLO;160509.0;SC;PR;405.47;3
159412;JORGINHO MELLO;160509.0;SC;PR;269.58;3
159413;JORGINHO MELLO;160509.0;SC;PR;145.88;3
159414;JORGINHO MELLO;160509.0;SC;PR;408.73;8
159415;JORGINHO MELLO;160509.0;SC;PR;412.36;5
159416;JORGINHO MELLO;160509.0;SC;PR;322.09;5
159417;JORGINHO MELLO;160509.0;SC;PR;259.02;5
159418;JORGINHO MELLO;160509.0;SC;PR;558.62;1
159419;JORGINHO MELLO;160509.0;SC;PR;355.84;1
159420;JORGINHO MELLO;160509.0;SC;PR;141.89;1
159421;JORGINHO MELLO;160509.0;SC;PR;369.35;7
159422;JORGINHO MELLO;160509.0;SC;PR;416.04;7
159423;JORGINHO MELLO;160509.0;SC;PR;17.72;11
159424;JORGINHO MELLO;160509.0;SC;PR;637.79;11
159425;JORGINHO MELLO;160509.0;SC;PR;9.6;3
159426;JORGINHO MELLO;160509.0;SC;PR;32.4;4
159427;JORGINHO MELLO;160509.0;SC;PR;66.0;5
159428;JORGINHO MELLO;160509.0;SC;PR;1.2;5
159429;JORGINHO MELLO;160509.0;SC;PR;27.6;5
159430;JORGINHO MELLO;160509.0;SC;PR;2.3;5
159431;JORGINHO MELLO;160509.0;SC;PR;1.65;5
159432;JORGINHO MELLO;160509.0;SC;PR;4.6;6
159433;JORGINHO MELLO;160509.0;SC;PR;1.3;7
159434;JORGINHO MELLO;160509.0;SC;PR;3.0;10
159435;JORGINHO MELLO;160509.0;SC;PR;65.0;10
159436;JORGINHO MELLO;160509.0;SC;PR;1.3;12
159437;JORGINHO MELLO;160509.0;SC;PR;5.0;6
159438;JORGINHO MELLO;160509.0;SC;PR;8.2;9
159439;JORGINHO MELLO;160509.0;SC;PR;51.85;2
159440;JORGINHO MELLO;160509.0;SC;PR;263.37;2
159441;JORGINHO MELLO;160509.0;SC;PR;234.1;2
159442;JORGINHO MELLO;160509.0;SC;PR;65.04;3
159443;JORGINHO MELLO;160509.0;SC;PR;18.77;3
159444;JORGINHO MELLO;160509.0;SC;PR;39.02;3
159445;JORGINHO MELLO;160509.0;SC;PR;365.56;4
159446;JORGINHO MELLO;160509.0;SC;PR;288.35;4
159447;JORGINHO MELLO;160509.0;SC;PR;14.25;4
159448;JORGINHO MELLO;160509.0;SC;PR;34.7;4
159449;JORGINHO MELLO;160509.0;SC;PR;21.41;5
159450;JORGINHO MELLO;160509.0;SC;PR;279.62;5
159451;JORGINHO MELLO;160509.0;SC;PR;134.33;10
159452;JORGINHO MELLO;160509.0;SC;PR;46.44;11
159453;JORGINHO MELLO;160509.0;SC;PR;30.24;12
159454;JORGINHO MELLO;160509.0;SC;PR;340.86;12
159455;JORGINHO MELLO;160509.0;SC;PR;26.88;12
159456;JORGINHO MELLO;160509.0;SC;PR;53.6;11
159457;JORGINHO MELLO;160509.0;SC;PR;34.35;1
159458;JORGINHO MELLO;160509.0;SC;PR;85.87;2
159459;JORGINHO MELLO;160509.0;SC;PR;69.48;4
159460;JORGINHO MELLO;160509.0;SC;PR;34.35;4
159461;JORGINHO MELLO;160509.0;SC;PR;243.64;6
159462;JORGINHO MELLO;160509.0;SC;PR;73.8;6
159463;JORGINHO MELLO;160509.0;SC;PR;35.94;6
159464;JORGINHO MELLO;160509.0;SC;PR;35.94;6
159465;JORGINHO MELLO;160509.0;SC;PR;44.05;6
159466;JORGINHO MELLO;160509.0;SC;PR;166.25;6
159467;JORGINHO MELLO;160509.0;SC;PR;65.49;6
159468;JORGINHO MELLO;160509.0;SC;PR;227.11;7
159469;JORGINHO MELLO;160509.0;SC;PR;390.95;7
159470;JORGINHO MELLO;160509.0;SC;PR;118.24;7
159471;JORGINHO MELLO;160509.0;SC;PR;118.24;7
159472;JORGINHO MELLO;160509.0;SC;PR;50.14;8
159473;JORGINHO MELLO;160509.0;SC;PR;316.28;9
159474;JORGINHO MELLO;160509.0;SC;PR;44.05;9
159475;JORGINHO MELLO;160509.0;SC;PR;352.4;10
159476;JORGINHO MELLO;160509.0;SC;PR;44.05;10
159477;JORGINHO MELLO;160509.0;SC;PR;152.44;11
159478;JORGINHO MELLO;160509.0;SC;PR;113.31;12
159479;JORGINHO MELLO;160509.0;SC;PR;309.51;12
159480;JORGINHO MELLO;160509.0;SC;PR;248.88;10
159481;JORGINHO MELLO;160509.0;SC;PR;238.51;10
159482;JORGINHO MELLO;160509.0;SC;PR;93.33;10
159483;JORGINHO MELLO;160509.0;SC;PR;250.0;5
159484;JORGINHO MELLO;160509.0;SC;PR;466.74;5
159485;JORGINHO MELLO;160509.0;SC;PR;109.56;5
159486;JORGINHO MELLO;160509.0;SC;PR;169.0;11
159487;JORGINHO MELLO;160509.0;SC;PR;35.0;3
159488;JORGINHO MELLO;160509.0;SC;PR;24.5;3
159489;JORGINHO MELLO;160509.0;SC;PR;49.0;3
159490;JORGINHO MELLO;160509.0;SC;PR;44.25;11
159491;JORGINHO MELLO;160509.0;SC;PR;24.5;3
159492;JORGINHO MELLO;160509.0;SC;PR;28.0;3
159493;JORGINHO MELLO;160509.0;SC;PR;21.9;3
159494;JORGINHO MELLO;160509.0;SC;PR;31.4;5
159495;JORGINHO MELLO;160509.0;SC;PR;31.4;5
159496;JORGINHO MELLO;160509.0;SC;PR;31.4;5
159497;JORGINHO MELLO;160509.0;SC;PR;13.0;2
159498;JORGINHO MELLO;160509.0;SC;PR;25.0;3
159499;JORGINHO MELLO;160509.0;SC;PR;46.56;4
159500;JORGINHO MELLO;160509.0;SC;PR;60.0;12
159501;JORGINHO MELLO;160509.0;SC;PR;21.5;12
159502;JORGINHO MELLO;160509.0;SC;PR;28.5;4
159503;JORGINHO MELLO;160509.0;SC;PR;46.56;3
159504;JORGINHO MELLO;160509.0;SC;PR;26.0;2
159505;JORGINHO MELLO;160509.0;SC;PR;14.0;2
159506;JORGINHO MELLO;160509.0;SC;PR;60.0;3
159507;JORGINHO MELLO;160509.0;SC;PR;60.0;3
159508;JORGINHO MELLO;160509.0;SC;PR;60.0;3
159509;JORGINHO MELLO;160509.0;SC;PR;60.0;4
159510;JORGINHO MELLO;160509.0;SC;PR;60.0;4
159511;JORGINHO MELLO;160509.0;SC;PR;60.0;5
159512;JORGINHO MELLO;160509.0;SC;PR;64.0;5
159513;JORGINHO MELLO;160509.0;SC;PR;120.0;5
159514;JORGINHO MELLO;160509.0;SC;PR;84.0;6
159515;JORGINHO MELLO;160509.0;SC;PR;84.0;6
159516;JORGINHO MELLO;160509.0;SC;PR;84.0;7
159517;JORGINHO MELLO;160509.0;SC;PR;130.0;7
159518;JORGINHO MELLO;160509.0;SC;PR;85.0;11
159519;JORGINHO MELLO;160509.0;SC;PR;84.0;11
159520;JORGINHO MELLO;160509.0;SC;PR;84.0;11
159521;JORGINHO MELLO;160509.0;SC;PR;180.0;12
159522;JORGINHO MELLO;160509.0;SC;PR;182.0;6
159523;JORGINHO MELLO;160509.0;SC;PR;182.0;6
159524;JORGINHO MELLO;160509.0;SC;PR;182.0;6
159525;JORGINHO MELLO;160509.0;SC;PR;175.0;4
159526;JORGINHO MELLO;160509.0;SC;PR;175.0;4
159527;JORGINHO MELLO;160509.0;SC;PR;185.0;4
159528;JORGINHO MELLO;160509.0;SC;PR;130.0;6
159529;JORGINHO MELLO;160509.0;SC;PR;130.0;6
159530;JORGINHO MELLO;160509.0;SC;PR;80.0;4
159531;JORGINHO MELLO;160509.0;SC;PR;80.0;4
159532;JORGINHO MELLO;160509.0;SC;PR;80.0;4
159533;JORGINHO MELLO;160509.0;SC;PR;80.0;4
159534;JORGINHO MELLO;160509.0;SC;PR;176.4;2
159535;JORGINHO MELLO;160509.0;SC;PR;218.4;2
159536;JORGINHO MELLO;160509.0;SC;PR;181.4;2
159537;JORGINHO MELLO;160509.0;SC;PR;297.69;11
159538;JORGINHO MELLO;160509.0;SC;PR;439.45;11
159539;JORGINHO MELLO;160509.0;SC;PR;320.8;11
159540;JORGINHO MELLO;160509.0;SC;PR;436.8;11
159541;JORGINHO MELLO;160509.0;SC;PR;296.9;11
159542;JORGINHO MELLO;160509.0;SC;PR;89.0;11
159543;JORGINHO MELLO;160509.0;SC;PR;97.0;11
159544;JORGINHO MELLO;160509.0;SC;PR;3542.7;1
159545;JORGINHO MELLO;160509.0;SC;PR;3486.7;2
159546;JORGINHO MELLO;160509.0;SC;PR;3486.7;3
159547;JORGINHO MELLO;160509.0;SC;PR;3444.8;4
159548;JORGINHO MELLO;160509.0;SC;PR;3395.2;5
159549;JORGINHO MELLO;160509.0;SC;PR;3411.9;6
159550;JORGINHO MELLO;160509.0;SC;PR;3388.2;7
159551;JORGINHO MELLO;160509.0;SC;PR;3339.7;8
159552;JORGINHO MELLO;160509.0;SC;PR;3300.0;9
159553;JORGINHO MELLO;160509.0;SC;PR;3300.0;10
159554;JORGINHO MELLO;160509.0;SC;PR;3300.0;11
159555;JORGINHO MELLO;160509.0;SC;PR;3155.8;12
159556;JORGINHO MELLO;160509.0;SC;PR;326.57;1
159557;JORGINHO MELLO;160509.0;SC;PR;326.57;1
159558;JORGINHO MELLO;160509.0;SC;PR;316.57;1
159559;JORGINHO MELLO;160509.0;SC;PR;316.57;1
159560;JORGINHO MELLO;160509.0;SC;PR;160.25;2
159561;JORGINHO MELLO;160509.0;SC;PR;91.57;2
159562;JORGINHO MELLO;160509.0;SC;PR;620.57;2
159563;JORGINHO MELLO;160509.0;SC;PR;210.55;2
159564;JORGINHO MELLO;160509.0;SC;PR;403.02;3
159565;JORGINHO MELLO;160509.0;SC;PR;1021.55;3
159566;JORGINHO MELLO;160509.0;SC;PR;756.57;3
159567;JORGINHO MELLO;160509.0;SC;PR;556.57;3
159568;JORGINHO MELLO;160509.0;SC;PR;420.57;3
159569;JORGINHO MELLO;160509.0;SC;PR;430.57;3
159570;JORGINHO MELLO;160509.0;SC;PR;826.57;3
159571;JORGINHO MELLO;160509.0;SC;PR;430.57;3
159572;JORGINHO MELLO;160509.0;SC;PR;987.55;4
159573;JORGINHO MELLO;160509.0;SC;PR;300.57;4
159574;JORGINHO MELLO;160509.0;SC;PR;827.55;4
159575;JORGINHO MELLO;160509.0;SC;PR;541.55;4
159576;JORGINHO MELLO;160509.0;SC;PR;120.0;5
159577;JORGINHO MELLO;160509.0;SC;PR;550.57;5
159578;JORGINHO MELLO;160509.0;SC;PR;200.57;5
159579;JORGINHO MELLO;160509.0;SC;PR;296.57;5
159580;JORGINHO MELLO;160509.0;SC;PR;200.57;5
159581;JORGINHO MELLO;160509.0;SC;PR;551.55;5
159582;JORGINHO MELLO;160509.0;SC;PR;811.55;5
159583;JORGINHO MELLO;160509.0;SC;PR;721.55;6
159584;JORGINHO MELLO;160509.0;SC;PR;471.55;6
159585;JORGINHO MELLO;160509.0;SC;PR;471.55;6
159586;JORGINHO MELLO;160509.0;SC;PR;536.57;6
159587;JORGINHO MELLO;160509.0;SC;PR;470.57;6
159588;JORGINHO MELLO;160509.0;SC;PR;987.55;7
159589;JORGINHO MELLO;160509.0;SC;PR;410.57;7
159590;JORGINHO MELLO;160509.0;SC;PR;606.57;7
159591;JORGINHO MELLO;160509.0;SC;PR;557.31;7
159592;JORGINHO MELLO;160509.0;SC;PR;421.95;7
159593;JORGINHO MELLO;160509.0;SC;PR;487.55;7
159594;JORGINHO MELLO;160509.0;SC;PR;676.57;7
159595;JORGINHO MELLO;160509.0;SC;PR;1037.55;7
159596;JORGINHO MELLO;160509.0;SC;PR;566.57;7
159597;JORGINHO MELLO;160509.0;SC;PR;629.03;9
159598;JORGINHO MELLO;160509.0;SC;PR;176.57;9
159599;JORGINHO MELLO;160509.0;SC;PR;306.0;10
159600;JORGINHO MELLO;160509.0;SC;PR;772.46;10
159601;JORGINHO MELLO;160509.0;SC;PR;20.0;10
159602;JORGINHO MELLO;160509.0;SC;PR;10.0;11
159603;JORGINHO MELLO;160509.0;SC;PR;8.66;11
159604;JORGINHO MELLO;160509.0;SC;PR;530.0;11
159605;JORGINHO MELLO;160509.0;SC;PR;-902.67;11
159606;JORGINHO MELLO;160509.0;SC;PR;263.0;11
159607;JORGINHO MELLO;160509.0;SC;PR;-436.77;12
159608;JORGINHO MELLO;160509.0;SC;PR;540.57;12
159609;JORGINHO MELLO;160509.0;SC;PR;988.46;12
159610;JORGINHO MELLO;160509.0;SC;PR;420.57;12
159611;JORGINHO MELLO;160509.0;SC;PR;1449.03;12
159612;JORGINHO MELLO;160509.0;SC;PR;222.56;12
159613;JORGINHO MELLO;160509.0;SC;PR;989.03;12
159614;JORGINHO MELLO;160509.0;SC;PR;316.57;12
159615;JORGINHO MELLO;160509.0;SC;PR;349.03;12
159616;JORGINHO MELLO;160509.0;SC;PR;316.57;12
159617;JORGINHO MELLO;160509.0;SC;PR;349.03;12
159618;JORGINHO MELLO;160509.0;SC;PR;316.57;12
159619;JORGINHO MELLO;160509.0;SC;PR;349.03;12
159620;JORGINHO MELLO;160509.0;SC;PR;316.57;12
159621;JORGINHO MELLO;160509.0;SC;PR;349.03;12
159622;JORGINHO MELLO;160509.0;SC;PR;316.57;12
159623;JORGINHO MELLO;160509.0;SC;PR;349.03;12
159624;JORGINHO MELLO;160509.0;SC;PR;316.57;12
159625;JORGINHO MELLO;160509.0;SC;PR;349.03;12
159626;JORGINHO MELLO;160509.0;SC;PR;316.57;12
159627;JORGINHO MELLO;160509.0;SC;PR;349.03;12
159628;JORGINHO MELLO;160509.0;SC;PR;-161.77;12
159629;JORGINHO MELLO;160509.0;SC;PR;-1013.28;12
159630;JORGINHO MELLO;160509.0;SC;PR;474.88;12
159631;JORGINHO MELLO;160509.0;SC;PR;100.0;5
159632;JORGINHO MELLO;160509.0;SC;PR;80.0;10
159633;JORGINHO MELLO;160509.0;SC;PR;80.0;10
159634;JORGINHO MELLO;160509.0;SC;PR;-130.0;11
159635;JORGINHO MELLO;160509.0;SC;PR;50.0;11
159636;JORGINHO MELLO;160509.0;SC;PR;50.0;11
159637;JORGINHO MELLO;160509.0;SC;PR;80.0;12
159638;JORGINHO MELLO;160509.0;SC;PR;316.94;1
159639;JORGINHO MELLO;160509.0;SC;PR;2052.66;12
159640;JORGINHO MELLO;160509.0;SC;PR;550.47;11
159641;JORGINHO MELLO;160509.0;SC;PR;656.45;4
159642;JORGINHO MELLO;160509.0;SC;PR;334.85;6
159643;JORGINHO MELLO;160509.0;SC;PR;1150.45;3
159644;JORGINHO MELLO;160509.0;SC;PR;664.85;6
159645;JORGINHO MELLO;160509.0;SC;PR;549.47;7
159646;JORGINHO MELLO;160509.0;SC;PR;-449.47;7
159647;JORGINHO MELLO;160509.0;SC;PR;1670.37;12
159648;JORGINHO MELLO;160509.0;SC;PR;324.47;1
159649;JORGINHO MELLO;160509.0;SC;PR;648.47;4
159650;JORGINHO MELLO;160509.0;SC;PR;-498.47;5
159651;JORGINHO MELLO;160509.0;SC;PR;504.45;3
159652;JORGINHO MELLO;160509.0;SC;PR;284.47;8
159653;JORGINHO MELLO;160509.0;SC;PR;-184.47;9
159654;JORGINHO MELLO;160509.0;SC;PR;1003.03;11
159655;JORGINHO MELLO;160509.0;SC;PR;503.03;11
159656;JORGINHO MELLO;160509.0;SC;PR;793.03;11
159657;JORGINHO MELLO;160509.0;SC;PR;500.57;11
159658;JORGINHO MELLO;160509.0;SC;PR;1220.57;11
159659;JORGINHO MELLO;160509.0;SC;PR;-1449.03;12
159660;JORGINHO MELLO;160509.0;SC;PR;1449.03;12
159661;JORGINHO MELLO;160509.0;SC;PR;379.57;12
159662;JORGINHO MELLO;160509.0;SC;PR;540.57;12
159663;JORGINHO MELLO;160509.0;SC;PR;349.55;1
159664;JORGINHO MELLO;160509.0;SC;PR;399.55;1
159665;JORGINHO MELLO;160509.0;SC;PR;349.55;1
159666;JORGINHO MELLO;160509.0;SC;PR;814.55;1
159667;JORGINHO MELLO;160509.0;SC;PR;54.0;2
159668;JORGINHO MELLO;160509.0;SC;PR;743.57;2
159669;JORGINHO MELLO;160509.0;SC;PR;1933.12;2
159670;JORGINHO MELLO;160509.0;SC;PR;413.57;2
159671;JORGINHO MELLO;160509.0;SC;PR;210.55;3
159672;JORGINHO MELLO;160509.0;SC;PR;933.57;3
159673;JORGINHO MELLO;160509.0;SC;PR;421.55;3
159674;JORGINHO MELLO;160509.0;SC;PR;311.55;3
159675;JORGINHO MELLO;160509.0;SC;PR;1041.0;3
159676;JORGINHO MELLO;160509.0;SC;PR;504.0;3
159677;JORGINHO MELLO;160509.0;SC;PR;860.0;3
159678;JORGINHO MELLO;160509.0;SC;PR;8.0;3
159679;JORGINHO MELLO;160509.0;SC;PR;210.55;4
159680;JORGINHO MELLO;160509.0;SC;PR;614.0;4
159681;JORGINHO MELLO;160509.0;SC;PR;687.55;4
159682;JORGINHO MELLO;160509.0;SC;PR;620.57;4
159683;JORGINHO MELLO;160509.0;SC;PR;594.0;5
159684;JORGINHO MELLO;160509.0;SC;PR;566.57;5
159685;JORGINHO MELLO;160509.0;SC;PR;1198.55;5
159686;JORGINHO MELLO;160509.0;SC;PR;2376.12;5
159687;JORGINHO MELLO;160509.0;SC;PR;311.55;5
159688;JORGINHO MELLO;160509.0;SC;PR;421.55;5
159689;JORGINHO MELLO;160509.0;SC;PR;210.55;5
159690;JORGINHO MELLO;160509.0;SC;PR;1071.55;5
159691;JORGINHO MELLO;160509.0;SC;PR;826.57;5
159692;JORGINHO MELLO;160509.0;SC;PR;410.57;5
159693;JORGINHO MELLO;160509.0;SC;PR;290.57;6
159694;JORGINHO MELLO;160509.0;SC;PR;201.55;6
159695;JORGINHO MELLO;160509.0;SC;PR;201.55;6
159696;JORGINHO MELLO;160509.0;SC;PR;200.57;6
159697;JORGINHO MELLO;160509.0;SC;PR;471.55;7
159698;JORGINHO MELLO;160509.0;SC;PR;305.55;7
159699;JORGINHO MELLO;160509.0;SC;PR;385.55;7
159700;JORGINHO MELLO;160509.0;SC;PR;493.57;7
159701;JORGINHO MELLO;160509.0;SC;PR;731.55;7
159702;JORGINHO MELLO;160509.0;SC;PR;1096.0;7
159703;JORGINHO MELLO;160509.0;SC;PR;302.0;7
159704;JORGINHO MELLO;160509.0;SC;PR;167.48;8
159705;JORGINHO MELLO;160509.0;SC;PR;1.48;8
159706;JORGINHO MELLO;160509.0;SC;PR;543.5;8
159707;JORGINHO MELLO;160509.0;SC;PR;186.93;9
159708;JORGINHO MELLO;160509.0;SC;PR;186.93;9
159709;JORGINHO MELLO;160509.0;SC;PR;687.57;9
159710;JORGINHO MELLO;160509.0;SC;PR;362.1;9
159711;JORGINHO MELLO;160509.0;SC;PR;563.5;9
159712;JORGINHO MELLO;160509.0;SC;PR;680.0;10
159713;JORGINHO MELLO;160509.0;SC;PR;53.0;10
159714;JORGINHO MELLO;160509.0;SC;PR;1239.0;10
159715;JORGINHO MELLO;160509.0;SC;PR;1080.0;10
159716;JORGINHO MELLO;160509.0;SC;PR;103.0;10
159717;JORGINHO MELLO;160509.0;SC;PR;792.48;10
159718;JORGINHO MELLO;160509.0;SC;PR;463.03;10
159719;JORGINHO MELLO;160509.0;SC;PR;35.95;10
159720;JORGINHO MELLO;160509.0;SC;PR;-543.5;10
159721;JORGINHO MELLO;160509.0;SC;PR;21.57;10
159722;JORGINHO MELLO;160509.0;SC;PR;1449.03;10
159723;JORGINHO MELLO;160509.0;SC;PR;460.57;11
159724;JORGINHO MELLO;160509.0;SC;PR;100.0;6
159725;JORGINHO MELLO;160509.0;SC;PR;100.0;6
159726;JORGINHO MELLO;160509.0;SC;PR;100.0;4
159727;JORGINHO MELLO;160509.0;SC;PR;100.0;2
159728;JORGINHO MELLO;160509.0;SC;PR;80.0;3
159729;JORGINHO MELLO;160509.0;SC;PR;-523.0;3
159730;JORGINHO MELLO;160509.0;SC;PR;100.0;3
159731;JORGINHO MELLO;160509.0;SC;PR;100.0;3
159732;JORGINHO MELLO;160509.0;SC;PR;100.0;3
159733;JORGINHO MELLO;160509.0;SC;PR;80.0;3
159734;JORGINHO MELLO;160509.0;SC;PR;100.0;4
159735;JORGINHO MELLO;160509.0;SC;PR;80.0;5
159736;JORGINHO MELLO;160509.0;SC;PR;80.0;5
159737;JORGINHO MELLO;160509.0;SC;PR;-690.0;5
159738;JORGINHO MELLO;160509.0;SC;PR;100.0;7
159739;JORGINHO MELLO;160509.0;SC;PR;80.0;7
159740;JORGINHO MELLO;160509.0;SC;PR;-607.98;7
159741;JORGINHO MELLO;160509.0;SC;PR;100.0;7
159742;JORGINHO MELLO;160509.0;SC;PR;100.0;7
159743;JORGINHO MELLO;160509.0;SC;PR;100.0;8
159744;JORGINHO MELLO;160509.0;SC;PR;80.0;8
159745;JORGINHO MELLO;160509.0;SC;PR;-590.0;8
159746;JORGINHO MELLO;160509.0;SC;PR;-96.0;9
159747;JORGINHO MELLO;160509.0;SC;PR;100.0;9
159748;JORGINHO MELLO;160509.0;SC;PR;80.0;10
159749;JORGINHO MELLO;160509.0;SC;PR;-15.0;10
159750;JORGINHO MELLO;160509.0;SC;PR;80.0;10
159751;JORGINHO MELLO;160509.0;SC;PR;100.0;10
159752;JORGINHO MELLO;160509.0;SC;PR;100.0;10
159753;JORGINHO MELLO;160509.0;SC;PR;100.0;10
159754;JORGINHO MELLO;160509.0;SC;PR;80.0;10
159755;JORGINHO MELLO;160509.0;SC;PR;100.0;10
159756;JORGINHO MELLO;160509.0;SC;PR;100.0;10
159757;JORGINHO MELLO;160509.0;SC;PR;100.0;10
